x [µm],y [µm],cell
24.982794218857535,50.367985280588776,A
25.757054370268406,51.057957681692734,A
26.221610461114935,52.02391904323827,A
26.37646249139711,53.265869365225385,A
26.066758430832756,54.50781968721251,A
25.344115622849277,55.61177552897884,A
24.415003441156227,56.43974241030359,A
23.279421885753614,56.64673413063477,A
22.143840330350997,56.2327506899724,A
21.317962835512734,55.33578656853725,A
20.801789401238814,53.54185832566697,A
21.16311080523056,52.16191352345906,A
21.782518926359256,51.264949402023916,A
22.660013764624914,50.505979760809566,A
23.84721266345492,50.298988040478385,A
60.03097040605643,13.040478380864766,B
63.74741913282863,11.453541858325666,B
64.00550584996559,12.557497700091995,B
63.79903647625602,13.868445262189512,B
63.3344803854095,15.041398344066238,B
62.56022023399862,15.5933762649494,B
61.01169993117687,15.179392824287028,B
61.88919476944253,15.662373505059797,B
60.39229181004817,14.075436982520698,B
60.03097040605643,11.315547378104876,B
60.650378527185126,9.935602575896963,B
61.78596008258775,9.176632934682612,B
62.76668960770819,9.452621895124194,B
63.231245698554716,10.280588776448942,B
10.375086028905711,26.839926402943885,C
11.459050240880936,27.115915363385465,C
12.336545079146592,28.081876724931004,C
13.007570543702682,29.80680772769089,C
12.59463179628355,31.462741490340385,C
11.613902271163111,32.359705611775524,C
10.58155540261528,32.7736890524379,C
9.394356503785271,32.7046918123275,C
8.155540261527873,31.945722171113154,C
7.742601514108741,30.15179392824287,C
8.155540261527873,28.357865685372587,C
9.187887130075705,27.253909843606255,C
2.89057123193393,12.971481140754369,D
3.0454232622161044,10.901563937442504,D
3.6648313833448034,9.797608095676171,D
4.593943565037852,9.3836246550138,D
5.832759807295251,9.590616375344986,D
6.607019958706125,10.418583256669734,D
7.226428079834824,12.005519779208832,D
7.3812801101169985,13.799448022079117,D
6.7618719889883,15.31738730450782,D
5.987611837577425,16.35234590616375,D
4.748795595320027,16.490340386384545,D
3.716448726772195,15.5933762649494,D
3.0454232622161044,14.489420423183072,D
54.66276668960771,67.2033118675253,E
54.0949759119064,66.37534498620055,E
53.37233310392292,65.68537258509659,E
52.39160357880248,65.20239190432383,E
51.41087405368203,65.5473781048758,E
51.152787336545074,66.99632014719411,E
51.51410874053681,68.8592456301748,E
52.03028217481073,70.10119595216192,E
52.856159669649,71.13615455381785,E
53.83688919476944,71.9641214351426,E
54.97247075017206,71.8261269549218,E
55.43702684101858,70.3771849126035,E
55.333792154163795,68.8592456301748,E
52.804542326221615,40.5013799448022,F
52.90777701307639,39.0524379024839,F
53.578802477632486,37.94848206071757,F
54.7143840330351,37.327506899724014,F
55.74673090158293,37.18951241950322,F
53.578802477632486,42.2263109475621,F
55.23055746730901,42.916283348666056,F
56.67584308327598,42.640294388224476,F
57.7598072952512,40.84636614535418,F
57.45010323468685,39.0524379024839,F
56.67584308327598,37.741490340386385,F
